{"cameraMode":{"drawMode":0,"name":"Shaded","section":"Shading Mode"},"sceneLighting":false,"audioPlay":false,"sceneViewState":{"showFog":true,"showMaterialUpdate":false,"showSkybox":false,"showFlares":true,"showImageEffects":true,"showParticleSystems":true},"in2DMode":false,"pivot":{"x":5.525485515594482,"y":2.4947268962860109,"z":3.2423622608184816},"rotation":{"x":-0.08874736726284027,"y":-0.554255485534668,"z":0.05958794429898262,"w":-0.8254610896110535},"size":7.268561840057373,"orthographic":false}