{"cameraMode":{"drawMode":0,"name":"Shaded","section":"Shading Mode"},"sceneLighting":false,"audioPlay":false,"sceneViewState":{"showFog":true,"showMaterialUpdate":false,"showSkybox":false,"showFlares":true,"showImageEffects":true,"showParticleSystems":true},"in2DMode":false,"pivot":{"x":3.177957773208618,"y":2.689411163330078,"z":-6.679168224334717},"rotation":{"x":-0.01897827349603176,"y":-0.9483889937400818,"z":0.05782809853553772,"w":-0.3112255930900574},"size":6.269227027893066,"orthographic":false}