{"cameraMode":{"drawMode":0,"name":"Shaded","section":"Shading Mode"},"sceneLighting":true,"audioPlay":false,"sceneViewState":{"showFog":true,"showMaterialUpdate":false,"showSkybox":false,"showFlares":true,"showImageEffects":true,"showParticleSystems":true},"in2DMode":false,"pivot":{"x":-1.5586576461791993,"y":-0.13446897268295289,"z":3.4256839752197267},"rotation":{"x":-0.13416260480880738,"y":-0.10326078534126282,"z":0.014058047905564309,"w":-0.9854641556739807},"size":12.15652084350586,"orthographic":false}