{"cameraMode":{"drawMode":0,"name":"Shaded","section":"Shading Mode"},"sceneLighting":false,"audioPlay":false,"sceneViewState":{"showFog":true,"showMaterialUpdate":false,"showSkybox":false,"showFlares":true,"showImageEffects":true,"showParticleSystems":true},"in2DMode":false,"pivot":{"x":-0.13196396827697755,"y":2.5515432357788088,"z":-0.4229874610900879},"rotation":{"x":-0.12988820672035218,"y":0.18505361676216126,"z":-0.024682046845555307,"w":-0.9737974405288696},"size":3.355559825897217,"orthographic":false}