{"cameraMode":{"drawMode":0,"name":"Shaded","section":"Shading Mode"},"sceneLighting":false,"audioPlay":false,"sceneViewState":{"showFog":true,"showMaterialUpdate":false,"showSkybox":false,"showFlares":true,"showImageEffects":true,"showParticleSystems":true},"in2DMode":false,"pivot":{"x":0.15250742435455323,"y":3.0425801277160646,"z":0.06982409954071045},"rotation":{"x":-0.12988820672035218,"y":0.18505361676216126,"z":-0.024682046845555307,"w":-0.9737974405288696},"size":4.263185977935791,"orthographic":false}