{"cameraMode":{"drawMode":0,"name":"Shaded","section":"Shading Mode"},"sceneLighting":false,"audioPlay":false,"sceneViewState":{"showFog":true,"showMaterialUpdate":false,"showSkybox":false,"showFlares":true,"showImageEffects":true,"showParticleSystems":true},"in2DMode":false,"pivot":{"x":2.4150848388671877,"y":4.995885372161865,"z":-5.8202409744262699},"rotation":{"x":-0.007881097495555878,"y":-0.9849687218666077,"z":0.04672263562679291,"w":-0.16612672805786134},"size":7.8580803871154789,"orthographic":false}