{"cameraMode":{"drawMode":0,"name":"Shaded","section":"Shading Mode"},"sceneLighting":false,"audioPlay":false,"sceneViewState":{"showFog":true,"showMaterialUpdate":false,"showSkybox":false,"showFlares":true,"showImageEffects":true,"showParticleSystems":true},"in2DMode":false,"pivot":{"x":-0.018161535263061525,"y":3.813993215560913,"z":0.02542424201965332},"rotation":{"x":-0.12988820672035218,"y":0.18505361676216126,"z":-0.024682046845555307,"w":-0.9737974405288696},"size":5.1260833740234379,"orthographic":false}